,Fold,Neg Mean Squared Error
0,1,-0.4589096709209306
1,2,0.22069093709794982
2,3,0.4166476979165078
3,4,-0.05096139192088822
4,5,0.004860061193357246
