Fold,Neg Mean Squared Error
1,-0.06006505107658594
2,-0.07144849634614696
3,-0.0592874834073725
4,-0.11990027175147622
5,-0.14004967973429922
