,Fold,Neg Mean Squared Error
0,1,-0.06139843833616718
1,2,-0.07199581206491763
2,3,-0.05774830764419889
3,4,-0.13192777379289003
4,5,-0.14116661843737457
