Fold,Neg Mean Squared Error
1,-0.4589096709209306
2,0.22069093709795018
3,0.41664769791650785
4,-0.05096139192088889
5,0.004860061193357468
