,Fold,Neg Mean Squared Error
0,1,-0.06342364275830893
1,2,-0.07124975938857932
2,3,-0.05499897987548834
3,4,-0.13109143142094384
4,5,-0.13855278807816207
