,Fold,Neg Mean Squared Error
0,1,-0.06258136778995708
1,2,-0.07144877191283165
2,3,-0.05830964497786029
3,4,-0.11981181443233506
4,5,-0.13815942641199006
