Fold,Neg Mean Squared Error
1,-0.062484503294281124
2,-0.07147506449492794
3,-0.06233162174235502
4,-0.1281574008466636
5,-0.13962645263620696
