feature_names,weights
Organic Type,0.2497838535037117
Fall Season,0.12179872661856912
Summer Season,0.0503069190869013
Latitude,0.040904885778869325
Longitude,0.0369545115458163
Spring Season,-0.06179872109565188
Winter Season,-0.11030692460978973
Conventional Type,-0.24978385350368837
