feature_names,weights
type_organic,0.2497838535037117
season_Fall,0.12179872661856912
season_Summer,0.0503069190869013
lat,0.040904885778869325
lon,0.0369545115458163
season_Spring,-0.06179872109565188
season_Winter,-0.11030692460978973
type_conventional,-0.24978385350368837
