,feature_names,importance
3,type_organic,0.4043493063727422
2,type_conventional,0.202011230629967
1,lon,0.19394788940966165
0,lat,0.10772716294200628
4,season_Fall,0.05185424714529557
6,season_Summer,0.026649294269237338
7,season_Winter,0.01057614844961417
5,season_Spring,0.0028847207814760053
