,feature_names,weights
3,type_organic,0.2497838535037117
4,season_Fall,0.1217987266185682
6,season_Summer,0.05030691908690038
0,lat,0.040904885778869325
1,lon,0.0369545115458163
5,season_Spring,-0.0617987210956528
7,season_Winter,-0.1103069246097906
2,type_conventional,-0.2497838535036883
